No,Group,Name,Div,Baxter,B (ASCII),Karlgren,Shao,Wang Li,Pulleyblank,Zhengzhang,Li Rong,Pan Wuyun,한국음 (종합),일본음(吳),일본음(漢),만다린 (종합),幇組,見組 등,精組,端組,來,娘,知組,莊組,章組
1,通攝 ung,東一,1,uwng,uwng,uŋ,uŋ,uŋ,əwŋ,uŋ,uŋ,uŋ,옹,uu,ou,"ueng,eng",eng,ong,ong,ong,ong,,,,
2,通攝 ung,東三,3,juwng,juwng,i̯uŋ,iuŋ,ĭuŋ,uwŋ,ɨuŋ,iuŋ,iuŋ,"웅,옹(융)","uu, yuu","uu, yuu","ueng,iong,eng",eng,iong,ong,,ong,,ong,ong,ong
3,通攝 ung,屋一,1,uwk,uwk,uk̚,uk̚,uk̚,əwk̚,uk̚,uk̚,uk̚,옥,oku,oku,u,u,u,u,u,u,,,,
4,通攝 ung,屋三,3,juwk,juwk,i̯uk̚,iuk̚,ĭuk̚,uwk̚,ɨuk̚,iuk̚,iuk̚,"욱,옥(육)","uku, iku","oku, iku","u,ü",u,ü,u ~ iou,,u ~ iou,ㅁㄹ,u ~ iou,u ~ uo,u ~ iou
5,通攝 ung,冬,1,owng,owng,uoŋ,oŋ,uoŋ,awŋ,uoŋ,oŋ,uoŋ,옹,uu,ou,"ueng,eng",eng,ong,ong,ong,ong,,,,
6,通攝 ung,沃,1,owk,owk,uok̚,ok̚,uok̚,awk̚,uok̚,ok̚,uok̚,옥,oku,oku,u,u,u,u,u,u,,,,
7,通攝 ung,鍾,3,jowng,jowng,i̯woŋ,ioŋ,ĭwoŋ,uawŋ,ɨoŋ,ioŋ,ioŋ,"옹(용,융)","uu, yuu","ou, iyuu","ueng,iong,eng",eng,iong,ong,,ong,ong,ong,ong,ong
8,通攝 ung,燭,3,jowk,jowk,i̯wok̚,iok̚,ĭwok̚,uawk̚,ɨok̚,iok̚,iok̚,"옥(욕,육)",oku,"yoku, iyoku","u,ü",u,ü,u,,u,,u,u,u
9,江攝 ong,江,2,æwng,aewng,ɔŋ,ɔŋ,ɔŋ,aɨwŋ,ˠʌŋ,ɔŋ,ᵚɔŋ,앙,"ou, au",au,"uang,iang,ang",ang,iang,,,nope,ㅁㄹ,uang,uang,
10,江攝 ong,覺,2,æwk,aewk,ɔk̚,ɔk̚,ɔk̚,aɨwk̚,ˠʌk̚,ɔk̚,ᵚɔk̚,악,"oku, aku",aku,"uo,üe,o",uo ~ au,üe ~ iao,,,uo,uo,uo,uo,
11,止攝 i,支三開,3,jie,jie,ie̯,jɛ,ǐe,iə̆,iᴇ,ie,iɛ,이(ᄋᆞ),"i, e",i,"i,er",i,i,i,,i,i,i,i,i
12,止攝 i,支三合,3,jwie,jwie,wie̯,juɛ,ǐwe,wiə̆,iuᴇ,iue,ʷiɛ,유,"i, ui","i, ui","ui,uai,i",,uei,uei,,ei,uei,uei,uai,uei
13,止攝 i,支重鈕三開,3,je,je,ie̯,iɛ,ǐe,jiə̆,ˠiᴇ,je,ᵚiɛ,의(이),"i, e",i,"i,er",i,i,i,,i,i,i,i,i
14,止攝 i,支重鈕三合,3,jwe,jwe,wie̯,iuɛ,ǐwe,jwiə̆,ˠiuᴇ,jue,ʷᵚiɛ,위(웨),wi,wi,"ui,uai,i",,uei,uei,,ei,uei,uei,uai,uei
15,止攝 i,脂重鈕四開/脂三開,3,jij,jij,i,jɪ,i,i,iɪ,i,i,이(ᄋᆞ),"e, i",i,"i,er",i,i,i,,i,i,i,i,i
16,止攝 i,脂重鈕四合/脂三合,3,jwij,jwij,wi,juɪ,wi,wi,iuɪ,ui,ʷi,유,ui,ui,"ui,uai,i",,uei,uei,,ei,uei,uei,uai,uei
17,止攝 i,脂重鈕三開,3,ij,ij,i,iɪ,i,ji,ˠiɪ,ji,ᵚi,의(이),"e, i",i,"i,er",i,i,i,,i,i,i,i,i
18,止攝 i,脂重鈕三合,3,wij,wij,wi,iuɪ,wi,jwi,ˠiuɪ,jui,ʷᵚi,"위,웨(외)",wi,wi,"ui,uai,i",,uei,uei,,ei,uei,uei,uai,uei
19,止攝 i,之,3,i,i,i,ie,ĭə,ɨ,ɨ,iə,ɨ,"이(의,ᄋᆞ)","i, o",i,"i,er",i,i,i,,i,i,i,i,i
20,止攝 i,微開,3,jɨj,j+j,e̯i,iəi,ĭəi,ɨj,ɨi,iəi,ɨi,의,"i, e",i,"i,er",,i,,,,,,,
21,止攝 i,微合,3,jwɨj,jw+j,we̯i,iuəi,ĭwəi,uj,ʉi,iuəi,ʷɨi,위(이),wi,wi,"ui,ei,uai",ei,uei,,,,,,,
22,遇攝 o,魚,3,jo,jo,i̯wo,iɔ,ĭo,ɨə̆,ɨʌ,iɔ,iɔ,"여(어,오)","o, yo","o, yo","u,ü,i",,ü,ü,,ü,ü,u,u,u
23,遇攝 o,模,1,u,u,uo,o,u,ɔ,uo,o,uo,오,"o, u",o,u,u,u,u,u,u,,,,
24,遇攝 o,虞,3,ju,ju,i̯u,io,ĭu,uə̆,ɨo,io,io,유(우),"u, yu","u, yu","u,ü",u,ü,ü,,ü,,u,u,u
25,蟹攝 ai,泰開,1,aj,aj,ɑi,ɑi,ɑi,aj,ɑi,ɑi,ɑi,애,ai,ai,"ai,ei",ei,ai,ai,ai,ai,,,,
26,蟹攝 ai,泰合,1,waj,waj,uɑi,uɑi,uɑi,waj,uɑi,uɑi,ʷɑi,외,"ai, we","ai, wai","ui,ei,uei",,uei,uei,uei,ei,,,,
27,蟹攝 ai,廢開,3,joj,joj,i̯ɐi,iɐi,ĭɐi,ɨaj,ɨɐi,iɐi,iɐi,예,ei?,ei,i,,i,,,,,,,
28,蟹攝 ai,廢合,3,jwoj,jwoj,i̯wɐi,iuɐi,ĭwɐi,uaj,ʉɐi,iuɐi,ʷiɐi,예,"ei, e",ei,"ui,ei,uei",ei,uei,,,,,,,
29,蟹攝 ai,夬開,2,æj,aej,ai,ai,æi,aɨjs,ˠai,ai,ᵚai,애,ai,ai?,"ai,ie",ai,e? ㅁㄹ,,,,,ai,ai,
30,蟹攝 ai,夬合,2,wæj,waej,wai,uai,wæi,waɨjs,ˠuai,uai,ʷᵚai,왜(애),"ai, we",wai,"uai,ai",,uai,,,,,,uai,
31,蟹攝 ai,佳開,2,ɛɨ,ea+,ai,æi,ai,aɨj,ˠɛ,ɛ,ᵚæ,애(ᄋᆡ),"ai, e","ai, a","ai,ia",ai,"ie, ia, ai, a",,,,,ㅁㄹ,ai,
32,蟹攝 ai,佳合,2,wɛɨ,wea+,wai,uæi,wai,waɨj,ˠuɛ,uɛ,ʷᵚæ,왜(애),"ai, wa, we","a, wa","uai,ua,ai",,ua,,,,,,,
33,蟹攝 ai,皆開,2,ɛj,eaj,ăi,ɐi,ɐi,əɨj,ˠɛi,ɛi,ᵚæi,ᄋᆡ,"ai, e",ai,"ai,ie",ai,ie,,,ㅁㄹ,,ㅁㄹ,ai,
34,蟹攝 ai,皆合,2,wɛj,weaj,wăi,uɐi,wɐi,wəɨj,ˠuɛi,uɛi,ʷᵚæi,외,we,wai,"uai,ai",,uai,,,ㅁㄹ,,ㅁㄹ,uai,
35,蟹攝 ai,祭重鈕四開/祭三開,3,jiej,jiej,i̯ɛi,jæi,ĭɛi,iaj,iᴇi,iɛi,iɛi,"예,여","ei, ai, e",ei,i,i,i,i,,i,i,i,i,i
36,蟹攝 ai,祭三合/祭重鈕四合,3,jwiej,jwiej,i̯wɛi,iuæi,ĭwɛi,wiaj,iuᴇi,iuɛi,ʷiɛi,예,ei,ei,"ui,uai,i",,uei,uei,,,,uei,uei,uei
37,蟹攝 ai,祭重鈕三開,3,jej,jej,i̯ɛi,iæi,ĭɛi,jiaj,ˠiᴇi,jɛi,ᵚiɛi,에,e,ei?,i,i,i,i,,i,i,i,i,i
38,蟹攝 ai,祭重鈕三合,3,jwej,jwej,i̯wɛi,iuæi,ĭwɛi,jwiaj,ˠiuᴇi,juɛi,ʷᵚiei,위,we,ei,"ui,uai,i",,uei,uei,,,,uei,uei,uei
39,蟹攝 ai,齊開,4,ej,ej,iei,ɛi,iei,ɛj,ei,ei,ei,예,"ei, ai, e",ei,i,i,i,i,i,i,,,,
40,蟹攝 ai,齊合,4,wej,wej,iwei,uɛi,iwei,wɛj,wei,uei,ʷei,여,we,"ei, wei","ui,i,uei",,uei,,,,,,,
41,蟹攝 ai,咍,1,oj,oj,ɑ̆i,ɒi,ɒi,əj,ʌi,ᴀi,əi,ᄋᆡ,"ai, e",ai,ai,ei,ai,ai,ai,ai,,,,
42,蟹攝 ai,灰,1,woj,woj,uɑ̆i,uɒi,uɒi,wəj,uʌi,uᴀi,uoi,외(ᄋᆡ),"ai, ui, we",wai,"ui,ei,uei",ei,uei,uei,uei,ei,,,,
43,臻攝 en,真三/真重鈕四/眞三/眞重鈕四,3,jin,jin,i̯ĕn,jen,ĭĕn,in,iɪn,iĕn,in,인,in,in,"in,en",in,in,in,,in,en?,en,en,en
44,臻攝 en,眞開/真開,3,in,in,i̯ĕn,ien,ǐĕn,jin,ˠiɪn,jĕn,ᵚin,은(인),"in, on",in,"in,en",in,in,in,,in,en?,en,en,en
45,臻攝 en,真合/眞合,3,win,win,i̯ĕn,iuen,ǐĕn,jin,ˠiuɪn,juĕn,ʷᵚin,운,"in, yun","in, yin","un,ün,in",,ün,ün,,un,un,un,,un
46,臻攝 en,臻,3,in,in,i̯æn,ien,ĭen,in,ɪn,iĕn,ɪn,"인,은",in,in,en,in,in,in,,in,en?,en,en,en
47,臻攝 en,諄,3,jwin,jwin,i̯uĕn,juen,ĭuĕn,win,iuɪn,iuĕn,ʷin,윤,"in, yun","in, yin","un,ün,in",,ün,ün,,un,un,un,,un
48,臻攝 en,質重鈕四/質三,3,jit,jit,i̯ĕt̚,jet̚,ĭĕt̚,it̚,iɪt̚,iĕt̚,it̚,일,it,it,i,i,i,i,,i,i,i,,i
49,臻攝 en,質開,3,it,it,i̯ĕt̚,iet̚,ĭĕt̚,jit̚,ˠiɪt̚,jĕt̚,ᵚit̚,을(일),it,wit,i,i,i,i,,i,i,i,,i
50,臻攝 en,質合,3,wit,wit,i̯ĕt̚,iuet̚,ĭĕt̚,jit̚,ˠiuɪt̚,juĕt̚,ʷᵚit̚,올,"it?, ot","it, yit","ü,u,uai",,ü,ü,,ü,,u,uai,u
51,臻攝 en,櫛,3,it,it,i̯æt̚,iet̚,ĭet̚,it̚,ɪt̚,iĕt̚,ɪt̚,을,it,it,e,i,i,i,,i,i,i,,i
52,臻攝 en,術,3,jwit,jwit,i̯uĕt̚,juet̚,ĭuĕt̚,wit̚,iuɪt̚,iuĕt̚,ʷit̚,율,it?. yut,"it, yit","ü,u,uai",,ü,ü,,ü,,u,uai,u
53,臻攝 en,痕,1,on,on,ən,ən,ən,ən,ən,ən,ən,"은,ᄋᆞᆫ",on,on,"un,en",,en,,吞 tun1,,,,,
54,臻攝 en,麧,1,ot,ot,ət̚,ət̚,ət̚,ət̚,ət̚,ət̚,ət̚,을,ot,ot,e,,e,,,,,,,
55,臻攝 en,魂,1,won,won,uən,uən,uən,wən,uən,uən,uon,"온,운","on, un",on,"un,en,uen",en,un,un,un,un,,,,
56,臻攝 en,沒,1,wot,wot,uət̚,uət̚,uət̚,wət̚,uət̚,uət̚,uot̚,"올,울",ot,ot,"u,o",o,u,u,u,u,,,,
57,臻攝 en,欣,3,jɨn,j+n,i̯ən,iən,ĭən,ɨn,ɨn,iən,ɨn,은,on,in,"in,en",,in,,,,,,,
58,臻攝 en,迄,3,jɨt,j+t,i̯ət̚,iət̚,ĭət̚,ɨt̚,ɨt̚,iət̚,ɨt̚,을,ot,it,i,,i,,,,,,,
59,臻攝 en,文,3,jun,jun,i̯uən,iuən,ĭuən,un,ɨun,iuən,iun,운,"on, un","un, yin","un,ün,en",en,ün,,,,,,,
60,臻攝 en,物,3,jut,jut,i̯uət̚,iuət̚,ĭuət̚,ut̚,ɨut̚,iuət̚,iut̚,울,ot,ut,"u,ü",u,ü,,,,,,,
61,山攝 an,寒,1,an,an,ɑn,ɑn,ɑn,an,ɑn,ɑn,ɑn,안,an,an,an,,an,an,an,an,,,,
62,山攝 an,桓,1,wan,wan,uɑn,uɑn,uɑn,wan,uɑn,uɑn,ʷɑn,"완,안",wan,wan,"uan,an",an,uan,uan,uan,uan,,,,
63,山攝 an,曷,1,at,at,ɑt̚,ɑt̚,ɑt̚,at̚,ɑt̚,ɑt̚,ɑt̚,알,at,at,"a,e,o",,e,a,a,a,,,,
64,山攝 an,末,1,wat,wat,uɑt̚,uɑt̚,uɑt̚,wat̚,uɑt̚,uɑt̚,ʷɑt̚,"왈,알",wat,wat,"uo,o",o,uo,uo,uo,uo,,,,
65,山攝 an,元開,3,jon,jon,ɨ̯ɐn,iɐn,ĭɐn,ɨan,ɨɐn,iɐn,iɐn,안,"on, en",en,"ian,an",,ian,,,,,,,
66,山攝 an,元合,3,jwon,jwon,i̯wɐn,iuɐn,ĭwɐn,uan,ʉɐn,iuɐn,ʷiɐn,완,"on, wan","an, wen","uan,üan,an",an,üan,,,,,,,
67,山攝 an,月開,3,jot,jot,ɨ̯ɐt̚,iɐt̚,ĭɐt̚,ɨat̚,ɨɐt̚,iɐt̚,iɐt̚,얼,"ot?, et?","at?, et?","ie,e,a",,ie,,,,,,,
68,山攝 an,月合,3,jwot,jwot,i̯wɐt̚,iuɐt̚,ĭwɐt̚,uat̚,ʉɐt̚,iuɐt̚,ʷiɐt̚,"월(얼,알)","ot, at","at, wet","a,üe,ua",a,üe,,,,,,,
69,山攝 an,刪開,2,æn,aen,an,ɐn,an,aɨn,ˠan,an,ᵚan,안,"an, en",an,"an,ian",an,ian,,,,,an,an,
70,山攝 an,刪合,2,wæn,waen,wan,uɐn,wan,waɨn,ˠuan,uan,ʷᵚan,완(안),"an, wen","an, wan","uan,an",,uan,,,,,ㅁㄹ,uan,
71,山攝 an,黠開,2,æt,aet,ăt̚,ɐt̚,at̚,aɨt̚,ˠat̚,at̚,ᵚat̚,알,"at, et",at,"a,ia",a,ia,,,,,a,a,
72,山攝 an,黠合,2,wæt,waet,wăt̚,uɐt̚,wat̚,waɨt̚,ˠuat̚,uat̚,ʷᵚat̚,왈(알),wat,wat,"ua,a",,ua,,,,ㅁㄹ,ㅁㄹ,ua,
73,山攝 an,山開,2,ɛn,ean,ăn,æn,æn,əɨn,ˠɛn,ɛn,ᵚæn,안,en,an,"an,ian",an,ian,,,an,,an,an,
74,山攝 an,山合,2,wɛn,wean,wăn,uæn,wæn,wəɨn,ˠuɛn,uɛn,ʷᵚæn,완,wen?,wan?,"uan,an",,uan,,,ㅁㄹ,,ㅁㄹ,ㅁㄹ,
75,山攝 an,鎋開,2,ɛt,eat,at̚,æt̚,æt̚,əɨt̚,ˠɛt̚,ɛt̚,ᵚæt̚,알,"at, et","at, et","a,ia",a,ia,,,,ㅁㄹ,a,a,
76,山攝 an,鎋合,2,wɛt,weat,wat̚,uæt̚,wæt̚,wəɨt̚,ˠuɛt̚,uɛt̚,ʷᵚæt̚,왈,wat?,"wat?, wet?","ua,a",,ua,,,,,ㅁㄹ,ㅁㄹ,
77,山攝 an,仙三開,3,jien,jien,i̯ɛn,jæn,ĭɛn,ian,iᴇn,iɛn,iɛn,연,en,en,"ian,an",ian,ian,ian,,ian,ㅁㄹ,an,an,an
78,山攝 an,仙三合,3,jwien,jwien,i̯wɛn,juæn,ĭwɛn,wian,iuᴇn,iuɛn,ʷiɛn,연,wen,en,"uan,üan,ian",,üan,üan,,uan,,uan,uan,uan
79,山攝 an,仙重鈕三開,3,jen,jen,i̯ɛn,iæn,ĭɛn,ian,ˠiᴇn,jɛn,ᵚiɛn,언(연),en?,en?,"ian,an",ian,ian,ian,,ian,ㅁㄹ,an,an,an
80,山攝 an,仙重鈕三合,3,jwen,jwen,i̯wɛn,iuæn,ĭwɛn,wian,ˠiuᴇn,juɛn,ʷᵚiɛn,원,wen,wen,"uan,üan,ian",,üan,üan,,uan,,uan,uan,uan
81,山攝 an,薛三開,3,jiet,jiet,i̯ɛt̚,jæt̚,ĭɛt̚,iat̚,iᴇt̚,iɛt̚,iɛt̚,열,et,etu,"ie,e",ie,ie,ie,,ie,,e,e,e
82,山攝 an,薛三合,3,jwiet,jwiet,i̯wɛt̚,juæt̚,ĭuɛt̚,wiat̚,iuᴇt̚,iuɛt̚,ʷiɛt̚,열,wet,wet,"üe,uo,ie",,üe,üe,,üe,uo,uo,uo,uo
83,山攝 an,薛重鈕三開,3,jet,jet,i̯ɛt̚,iæt̚,ĭɛt̚,iat̚,ˠiᴇt̚,jɛt̚,ᵚiɛt̚,얼(열),et,et,"ie,e",ie,ie,ie,,ie,,e,e,e
84,山攝 an,薛重鈕三合,3,jwet,jwet,i̯wɛt̚,iuæt̚,ĭuɛt̚,wiat̚,ˠiuᴇt̚,juɛt̚,ʷᵚiet̚,월,wet?,wet?,"üe,uo,ie",,üe,üe,,üe,uo,uo,uo,uo
85,山攝 an,先開,4,en,en,ien,ɛn,ien,ɛn,en,en,en,연,en,en,"ian,an",ian,ian,ian,ian,ian,,,,
86,山攝 an,先合,4,wen,wen,iwen,uɛn,iwen,wɛn,wen,uen,ʷen,연,wen,wen,"uan,üan,ian",,üan,,,,,,,
87,山攝 an,屑開,4,et,et,iet̚,ɛt̚,iet̚,ɛt̚,et̚,et̚,et̚,열,et,et,"ie,e",ie,ie,ie,ie,ie,,,,
88,山攝 an,屑合,4,wet,wet,iwet̚,uɛt̚,iwet̚,wɛt̚,wet̚,uet̚,ʷet̚,열,wet,wet,"üe,uo,ie",,üe,,,,,,,
89,效攝 au,豪,1,aw,aw,ɑu,ɑu,ɑu,aw,ɑu,ɑu,ɑu,오,"au, ou","au, ou",ao,ao,ao,ao,ao,ao,,,,
90,效攝 au,肴,2,æw,aew,au,au,au,aɨw,ˠau,au,ᵚau,"오,요","eu, au",au,"ao,iao",ao,iao,,,ao,ao,ao,iao,
91,效攝 au,宵三/宵重鈕四,3,jiew,jiew,i̯ɛu,jæu,ĭɛu,iaw,iᴇu,iɛu,iɛu,요,eu,eu,"iao,ao",iao,iao,iao,,iao,,ao,,ao
92,效攝 au,宵重鈕三,3,jew,jew,i̯ɛu,iæu,ĭɛu,iaw,ˠiᴇu,jɛu,ᵚiɛu,요,eu,eu,"iao,ao",iao,iao,iao,,iao,,ao,,ao
93,效攝 au,蕭,4,ew,ew,ieu,eu,ieu,ɛw,eu,eu,eu,요,eu,eu,"iao,ao",,iao,iao,iao,iao,,,,
94,果攝 ar,歌,1,a,a,ɑ,ɑ,ɑ,a,ɑ,ɑ,ɑ,아,a,a,"uo,e,o",,e,uo,uo,uo,,,,
95,果攝 ar,戈一合,1,wa,wa,uɑ,uɑ,uɑ,wa,uɑ,uɑ,uɑ,와(아),"a, we","a, wa","uo,o",o,e,uo,uo,uo,,,,
96,果攝 ar,戈三開,3,ja,ja,i̯ɑ,iɑ,ǐɑ,ɨa,ɨɑ,iɑ,iɑ,아,?,?,"ie,e",,ie,,,,,,,
97,果攝 ar,戈三合,3,jwa,jwa,i̯wɑ,iuɑ,ĭuɑ,ua,ɨuɑ,iuɑ,ʷiɑ,와,?,?,"üe,uo,ie",,üe,,,,,,,
98,假攝 a,麻二開,2,æ,ae,a,a,a,aɨ,ˠa,a,ᵚa,아,"a, e, o",a,"a,ia",a,ia,,,,a,a,a,
99,假攝 a,麻二合,2,wæ,wae,wa,ua,wa,waɨ,ˠua,ua,ʷᵚa,와,"wa, we",wa,"ua,a",,ua,,,,,ua?,ua?,
100,假攝 a,麻三開,3,jæ,jae,i̯a,ia,ĭa,ia,ia,ia,ia,야,ya,ya,"ie,e",,,ie,,,,,,e
101,宕攝 ang,唐開,1,ang,ang,ɑŋ,ɑŋ,ɑŋ,aŋ,ɑŋ,ɑŋ,ɑŋ,앙,au,au,ang,ang,ang,ang,ang,ang,,,,
102,宕攝 ang,唐合,1,wang,wang,wɑŋ,uɑŋ,uɑŋ,waŋ,wɑŋ,uɑŋ,ʷɑŋ,왕,wau,wau,"uang,ang",,uang,,,,,,,
103,宕攝 ang,鐸開,1,ak,ak,ɑk̚,ɑk̚,ɑk̚,ak̚,ɑk̚,ɑk̚,ɑk̚,악,aku,aku,"uo,e,o",o,e,uo,uo,uo,,,,
104,宕攝 ang,鐸合,1,wak,wak,wɑk̚,uɑk̚,uɑk̚,wak̚,wɑk̚,uɑk̚,ʷɑk̚,왁,waku,waku,"uo,o",,uo,,,,,,,
105,宕攝 ang,陽開,3,jang,jang,i̯aŋ,iɑŋ,ĭaŋ,ɨaŋ,ɨɐŋ,iaŋ,iɐŋ,양(앙),"au, yau","au, yau","iang,ang,uang",,iang,iang,,iang,iang,uang,ang,ang
106,宕攝 ang,陽合,3,jwang,jwang,iwaŋ,iuɑŋ,ĭwaŋ,uaŋ,ʉɐŋ,iuaŋ,ʷiɐŋ,왕,wyau,wyau,"uang,ang",ang,uang,,,,,,,
107,宕攝 ang,藥開,3,jak,jak,i̯ak̚,iɑk̚,ĭak̚,ɨak̚,ɨɐk̚,iak̚,iɐk̚,약(악),"aku, yaku","aku, yaku","üe,uo,o",,üe ~ iao,üe ~ iao,,üe,ㅁㄹ,uo ~ ao,ㅁㄹ,uo ~ ao
108,宕攝 ang,藥合,3,jwak,jwak,iwak̚,iuɑk̚,ĭak̚,uak̚,ʉɐk̚,iuak̚,ʷiɐk̚,왁,wyaku?,wyaku?,"üe,uo,o",u,üe,,,,,,,
109,梗攝 eng,庚二開,2,æng,aeng,ɐŋ,aŋ,ɐŋ,aɨjŋ,ˠæŋ,ɐŋ,ᵚaŋ,"ᄋᆡᆼ,영",yau,au,eng,eng,eng,,打,eng,ing,eng,eng,
110,梗攝 eng,庚二合,2,wæng,waeng,wɐŋ,uaŋ,wɐŋ,waɨjŋ,ˠwæŋ,uɐŋ,ʷᵚaŋ,욍,wau,wau,"ueng,eng",,uang,,,,,,,
111,梗攝 eng,庚三開/庚重鈕三開,3,jæng,jaeng,i̯ɐŋ,iaŋ,ĭɐŋ,iajŋ,ˠiæŋ,iɐŋ,ᵚiaŋ,영,"au, yau",ei,"ing,eng",ing,ing,,,,,,eng,
112,梗攝 eng,庚重鈕三合/庚三合,3,jwæng,jwaeng,i̯wɐŋ,iuaŋ,ĭwɐŋ,wiajŋ,ˠwiæŋ,iuɐŋ,ʷᵚiaŋ,영,wyau,ei,"iong,ueng,ing",,iong ~ ing,,,,,,,
113,梗攝 eng,陌二開,2,æk,aek,ɐk̚,ak̚,ɐk̚,aɨjk̚,ˠæk̚,ɐk̚,ᵚak̚,"ᄋᆡᆨ,역",yaku,aku,"e,o",o ~ ai,e,,,,uo,e ~ ai,e ~ ai,
114,梗攝 eng,陌二合,2,wæk,waek,wɐk̚,uak̚,wɐk̚,waɨjk̚,ˠwæk̚,uɐk̚,ʷᵚak̚,왹,waku?,waku?,"uo,o",,uo,,,,,,,
115,梗攝 eng,陌三開,3,jæk,jaek,iɐk̚,iak̚,ĭɐk̚,iajk̚,ˠiæk̚,iɐk̚,ᵚiak̚,역,yaku,eki,i,i,i,,,,,,,
116,梗攝 eng,陌三合,3,jwæk,jwaek,iwɐk̚,iuak̚,ĭwɐk̚,wiajk̚,ˠwiæk̚,iuɐk̚,ʷᵚiak̚,역,waku?,weki?,"u,ü,i",,,,,,,,,
117,梗攝 eng,耕開,2,ɛng,eang,æŋ,ɐŋ,æŋ,əɨjŋ,ˠɛŋ,ɛŋ,ᵚæŋ,"ᄋᆡᆼ,영",yau,au,eng,eng,eng,,,,eng?,eng,eng,
118,梗攝 eng,耕合,2,wɛng,weang,wæŋ,uɐŋ,wæŋ,wəɨjŋ,ˠwɛŋ,uɛŋ,ʷᵚæŋ,욍,wyau?,wau,"ueng,eng",,ong,,,,,,,
119,梗攝 eng,麥開,2,ɛk,eak,æk̚,ɐk̚,æk̚,əɨjk̚,ˠɛk̚,ɛk̚,ᵚæk̚,"ᄋᆡᆨ,역",yaku,aku,"e,o",o ~ ai,e,,,,ㅁㄹ,ai,e ~ ai,
120,梗攝 eng,麥合,2,wɛk,weak,wæk̚,uɐk̚,wæk̚,wəɨjk̚,ˠwɛk̚,uɛk̚,ʷᵚæk̚,왹,wyaku,waku,"uo,o",,uo,,,,,,,
121,梗攝 eng,清開,3,jieng,jieng,i̯ɛŋ,iæŋ,ĭɛŋ,iajŋ,iᴇŋ,iɛŋ,iɛŋ,영,yau,ei,"ing,eng",ing,ing,ing,,ing,,eng,,eng
122,梗攝 eng,清合,3,jwieng,jwieng,i̯wɛŋ,iuæŋ,ĭwɛŋ,wiajŋ,wiᴇŋ,iuɛŋ,ʷiɛŋ,영,wyau,ei,"iong,ueng,ing",,ing,,,,,,,
123,梗攝 eng,昔開,3,jiek,jiek,i̯ɛk̚,iæk̚,ĭɛk̚,iajk̚,iᴇk̚,iɛk̚,iɛk̚,역,yaku,eki,i,i,i,i,,,,i,,i
124,梗攝 eng,昔合,3,jwiek,jwiek,i̯wɛk̚,iuæk̚,ĭwɛk̚,wiajk̚,wiᴇk̚,iuɛk̚,ʷiɛk̚,역,wyaku,weki?,"u,ü,i",,i,,,,,ㅁㄹ,,ㅁㄹ
125,梗攝 eng,青開,4,eng,eng,ieŋ,ɛŋ,ieŋ,ɛjŋ,eŋ,eŋ,eŋ,영,yau,ei,"ing,eng",ing,ing,ing,ing,ing,,,,
126,梗攝 eng,青合,4,weng,weng,iweŋ,uɛŋ,iweŋ,wɛjŋ,weŋ,ueŋ,ʷeŋ,영,wyau,ei,"iong,ueng,ing",,"jiong, ying",,,,,,,
127,梗攝 eng,錫開,4,ek,ek,iek̚,ɛk̚,iek̚,ɛjk̚,ek̚,ek̚,ek̚,역,yaku,eki,i,i,i,i,i,i,,,,
128,梗攝 eng,錫合,4,wek,wek,iwek̚,uɛk̚,iwek̚,wɛjk̚,wek̚,uek̚,ʷek̚,역,wyaku?,weki?,"u,ü,i",,ü,,,,,,,
129,梗攝 eng,登開,1,ong,ong,əŋ,əŋ,əŋ,əŋ,əŋ,əŋ,əŋ,응,ou,ou,eng,eng,eng,eng,eng,eng,,,,
130,梗攝 eng,登合,1,wong,wong,wəŋ,uəŋ,uəŋ,wəŋ,wəŋ,uəŋ,ʷəŋ,옹,uu,ou,"ueng,eng",,ong,,,,,,,
131,梗攝 eng,德開,1,ok,ok,ək̚,ək̚,ək̚,ək̚,ək̚,ək̚,ək̚,윽,oku,oku,"e,o",o ~ ei,e ~ ei,e ~ ei,e ~ ei,e ~ ei,,,,
132,梗攝 eng,德合,1,wok,wok,wək̚,uək̚,uək̚,wək̚,wək̚,uək̚,ʷək̚,"옥,욱","oku, aku",oku,"uo,o",,uo,,,,,,,
133,曾攝 erng,蒸,3,ing,ing,i̯əŋ,ieŋ,ĭəŋ,iŋ,ɨŋ,iəŋ,ɨŋ,"응,잉",you,"you, wyou","ing,eng",ing,ing,eng,,ing,,ing,ing,ing
134,曾攝 erng,職開,3,ik,ik,i̯ək̚,iek̚,ĭək̚,ik̚,ɨk̚,iək̚,ɨk̚,"윽,익","oku, yoku","oku, yoku","i,e",i,i,i,,i,,i,e ~ ai,i
135,曾攝 erng,職合,3,wik,wik,i̯wək̚,iuek̚,ĭwək̚,wik̚,wɨk̚,iuək̚,ʷɨk̚,역,?,wiku?,"u,ü,i",,ü,,,,,,,
136,流攝 eu,尤,3,juw,juw,i̯ə̯u,iəu,ĭəu,uw,ɨu,iu,iu,"우,유","u, yu","u, yu","ou,iu,iou",u,iou,iou,,iou,iou,ou,ou,ou
137,流攝 eu,侯,1,uw,uw,ə̯u,əu,əu,əw,əu,u,əu,우(오),"u, o, yu","o, ou",ou,ou,ou,ou,ou,ou,,,,
138,流攝 eu,幽,3,jiw,jiw,ieu,ieu,iəu,jiw,iɪu,iĕu,ɨu,유,eu,iu,"iu,ou,iao",iao,iou,,,,,,,
139,深攝 em,侵三,3,jim,jim,i̯əm,jem,ĭĕm,im,iɪm,iəm,im,임(읍),im,im,"in,en",in,in,in,,in,in,en,en,en
140,深攝 em,侵重鈕三,3,im,im,i̯əm,iem,ĭĕm,jim,ˠiɪm,jəm,ᵚim,"음(ᄋᆞᆷ,움)","om, im",im,"in,en",in,in,in,,in,in,en,en,en
141,深攝 em,緝三,3,jip,jip,i̯əp̚,jep̚,ĭĕp̚,ip̚,iɪp̚,iəp̚,ip̚,읍,ipu,ipu,"i,e",ㅁㄹ,i,i,,i,i,i,i,i
142,深攝 em,緝重鈕三,3,ip,ip,i̯əp̚,iep̚,ĭĕp̚,jip̚,ˠiɪp̚,jəp̚,ᵚip̚,읍(ᄋᆞᆸ),ipu,ipu,"i,e",ㅁㄹ,i,i,,i,i,i,i,i
143,咸攝 am,談,1,am,am,ɑm,ɑm,ɑm,am,ɑm,ɑm,ɑm,암,am,am,an,,an,an,an,an,,,,
144,咸攝 am,盍,1,ap,ap,ɑp̚,ɑp̚,ɑp̚,ap̚,ɑp̚,ɑp̚,ɑp̚,압,apu,apu,"a,e",,e,a,a,a,,,,
145,咸攝 am,嚴,3,jæm,jaem,i̯ɐm,iɐm,ĭɐm,ɨam,ɨɐm,iɐm,iɐm,엄,om,em,"an,ian",,ian,,,,,,,
146,咸攝 am,凡,3,jom,jom,i̯wɐm,iɐm,ĭwɐm,uam,ɨɐm,iɐm,iɐm,업,"om, am",am,"uan,an",an,ian,,,,,,,
147,咸攝 am,業,3,jæp,jaep,i̯ɐp̚,iɐp̚,ĭɐp̚,ɨap̚,ɨɐp̚,iap̚,iɐp̚,업,"opu, apu",epu,"ie,e",,ie,,,,,,,
148,咸攝 am,乏,3,jop,jop,i̯wɐp̚,iɐp̚,ĭwɐp̚,uap̚,ɨɐp̚,iɐp̚,iɐp̚,업,opu,apu,"a,ia",a,ie,,,,,ㅁㄹ,,
149,咸攝 am,銜,2,æm,aem,am,am,am,aɨm,ˠam,am,ᵚam,암,am,am,"an,ian",,ian,,,,,,an,
150,咸攝 am,狎,2,æp,aep,ap̚,ap̚,ap̚,aɨp̚,ˠap̚,ap̚,ᵚap̚,압,"apu, epu","apu, epu","a,ia",,ia,,,,,a,a,
151,咸攝 am,咸,2,ɛm,eam,ăm,ɐm,ɐm,əɨm,ˠɛm,ɐm,ᵚæm,암,"em, am","em, am","an,ian",,ian,,,,,an,an,
152,咸攝 am,洽,2,ɛp,eap,ăp̚,ɐp̚,ɐp̚,əɨp̚,ˠɛp̚,ɐp̚,ᵚæp̚,압,"apu, epu",apu,"a,ia",,ia,,,,,a,a,
153,咸攝 am,鹽三,3,jiem,jiem,i̯ɛm,jæm,ĭɛm,iam,iᴇm,iɛm,iɛm,염,em,em,"ian,an",ian,ian,ian,,ian,ian,an,an,an
154,咸攝 am,鹽重鈕三,3,jem,jem,i̯ɛm,iæm,ĭɛm,jiam,ˠiᴇm,jɛm,ᵚiɛm,엄,em,em,"ian,an",ian,ian,ian,,ian,ian,an,an,an
155,咸攝 am,葉三,3,jiep,jiep,i̯ɛp̚,jæp̚,ĭɛp̚,iap̚,iᴇp̚,iɛp̚,iɛp̚,엽,epu,epu,"ie,e",,ie,ie,,ie,ie,e,e?,e
156,咸攝 am,葉重鈕三,3,jep,jep,i̯ɛp̚,iæp̚,ĭɛp̚,jiap̚,ˠiᴇp̚,jɛp̚,ᵚiɛp̚,업,epu,epu,"ie,e",,ie,ie,,ie,ie,e,e?,e
157,咸攝 am,添,4,em,em,iem,ɛm,iem,ɛm,em,em,em,염,em,em,"ian,an",,ian,ian,ian,ian,,,,
158,咸攝 am,帖/怗,4,ep,ep,iep̚,ɛp̚,iep̚,ɛp̚,ep̚,ep̚,ep̚,엽,epu,epu,"ie,e",,ie,ie,ie,ie,ie,,,
159,咸攝 am,覃,1,om,om,ăm,ɒm,ɒm,əm,ʌm,ᴀm,əm,암,"am, om",am,an,,an,an,an,an,,,,
160,咸攝 am,合,1,op,op,ăp̚,ɒp̚,ɒp̚,əp̚,ʌp̚,ᴀp̚,əp̚,압,"apu, opu",apu,"a,e",,e,a,a,a,,,,